,TickerPairA,TickerPairB,TickerPairC,Route
0,BTC-USDT,4ART-BTC,4ART-USDT,0
1,USDT-USD,AAPL-USDT,AAPL-USD,0
2,BTC-USDT,AAPL-BTC,AAPL-USDT,0
3,USDT-USD,AAVE-USDT,AAVE-USD,0
4,USDT-USD,ETH-USDT,ETH-USD,0
5,USD-EUR,USDT-USD,USDT-EUR,0
6,USDT-USD,ADABEAR-USDT,ADABEAR-USD,0
7,USDT-USD,ADA-USDT,ADA-USD,0
8,USDT-USD,ADABULL-USDT,ADABULL-USD,0
9,USDT-USD,ALGO-USDT,ALGO-USD,0
10,USDT-USD,AMZN-USDT,AMZN-USD,0
11,USDT-USD,ATOM-USDT,ATOM-USD,0
12,USDT-USD,BABA-USDT,BABA-USD,0
13,USDT-USD,BAL-USDT,BAL-USD,0
14,USDT-USD,BAND-USDT,BAND-USD,0
15,USDT-USD,BAT-USDT,BAT-USD,0
16,USDT-USD,BCH-USDT,BCH-USD,0
17,USDT-USD,BEAR-USDT,BEAR-USD,0
18,USDT-USD,BILI-USDT,BILI-USD,0
19,USDT-USD,BNTX-USDT,BNTX-USD,0
20,USDT-USD,BSV-USDT,BSV-USD,0
21,USDT-USD,BTC-USDT,BTC-USD,0
22,USDT-USD,BULL-USDT,BULL-USD,0
23,USDT-USD,BYND-USDT,BYND-USD,0
24,USDT-USD,CELO-USDT,CELO-USD,0
25,USDT-USD,COMP-USDT,COMP-USD,0
26,USDT-USD,CRO-USDT,CRO-USD,0
27,USDT-USD,DAI-USDT,DAI-USD,0
28,USDT-USD,DASH-USDT,DASH-USD,0
29,USDT-USD,DCR-USDT,DCR-USD,0
30,USDT-USD,DGB-USDT,DGB-USD,0
31,USDT-USD,DOGE-USDT,DOGE-USD,0
32,USDT-USD,DOT-USDT,DOT-USD,0
33,USDT-USD,ENJ-USDT,ENJ-USD,0
34,USDT-USD,EOS-USDT,EOS-USD,0
35,USDT-USD,ETC-USDT,ETC-USD,0
36,USDT-USD,ETHBEAR-USDT,ETHBEAR-USD,0
37,USDT-USD,ETHBULL-USDT,ETHBULL-USD,0
38,USDT-USD,FB-USDT,FB-USD,0
39,USDT-USD,FIL-USDT,FIL-USD,0
40,USDT-USD,GOOGL-USDT,GOOGL-USD,0
41,USDT-USD,GRT-USDT,GRT-USD,0
42,USDT-USD,HBAR-USDT,HBAR-USD,0
43,USDT-USD,HIVE-USDT,HIVE-USD,0
44,USDT-USD,KNC-USDT,KNC-USD,0
45,USDT-USD,LINK-USDT,LINK-USD,0
46,USDT-USD,LTC-USDT,LTC-USD,0
47,USDT-USD,NFLX-USDT,NFLX-USD,0
48,USDT-USD,PFE-USDT,PFE-USD,0
49,USDT-USD,REN-USDT,REN-USD,0
50,USDT-USD,RENBTC-USDT,RENBTC-USD,0
51,USDT-USD,RVN-USDT,RVN-USD,0
52,USDT-USD,SC-USDT,SC-USD,0
53,USDT-USD,SOLVE-USDT,SOLVE-USD,0
54,USDT-USD,SPY-USDT,SPY-USD,0
55,USDT-USD,TRX-USDT,TRX-USD,0
56,USDT-USD,TSLA-USDT,TSLA-USD,0
57,USDT-USD,TUSD-USDT,TUSD-USD,0
58,USDT-USD,UMA-USDT,UMA-USD,0
59,USDT-USD,UNI-USDT,UNI-USD,0
60,USDT-USD,USDC-USDT,USDC-USD,0
61,USDT-USD,WAXP-USDT,WAXP-USD,0
62,USDT-USD,XLM-USDT,XLM-USD,0
63,USDT-USD,XRP-USDT,XRP-USD,0
64,USDT-USD,XTZ-USDT,XTZ-USD,0
65,USDT-USD,YFL-USDT,YFL-USD,0
66,USDT-USD,ZEC-USDT,ZEC-USD,0
67,USDT-USD,ZRX-USDT,ZRX-USD,0
68,ETH-USDT,AAVE-ETH,AAVE-USDT,0
69,USDT-EUR,AAVE-USDT,AAVE-EUR,0
70,BTC-USDT,AAVE-BTC,AAVE-USDT,0
71,USDT-EUR,ETH-USDT,ETH-EUR,0
72,ETH-USDT,ADA-ETH,ADA-USDT,0
73,ETH-USDT,ATOM-ETH,ATOM-USDT,0
74,ETH-USDT,BAL-ETH,BAL-USDT,0
75,ETH-USDT,BAND-ETH,BAND-USDT,0
76,ETH-USDT,BAT-ETH,BAT-USDT,0
77,ETH-USDT,BCH-ETH,BCH-USDT,0
78,ETH-USDT,BSV-ETH,BSV-USDT,0
79,BTC-USDT,ETH-BTC,ETH-USDT,0
80,ETH-USDT,CELO-ETH,CELO-USDT,0
81,ETH-USDT,COMP-ETH,COMP-USDT,0
82,ETH-USDT,CRO-ETH,CRO-USDT,0
83,ETH-USDT,DAI-ETH,DAI-USDT,0
84,ETH-USDT,DASH-ETH,DASH-USDT,0
85,ETH-USDT,DGB-ETH,DGB-USDT,0
86,ETH-USDT,DOGE-ETH,DOGE-USDT,0
87,ETH-USDT,DOT-ETH,DOT-USDT,0
88,ETH-USDT,ENJ-ETH,ENJ-USDT,0
89,ETH-USDT,EOS-ETH,EOS-USDT,0
90,ETH-USDT,ETC-ETH,ETC-USDT,0
91,ETH-USDT,FIL-ETH,FIL-USDT,0
92,ETH-USDT,GRT-ETH,GRT-USDT,0
93,ETH-USDT,HBAR-ETH,HBAR-USDT,0
94,ETH-USDT,HNS-ETH,HNS-USDT,0
95,ETH-USDT,KNC-ETH,KNC-USDT,0
96,ETH-USDT,KSM-ETH,KSM-USDT,0
97,ETH-USDT,LINK-ETH,LINK-USDT,0
98,ETH-USDT,LTC-ETH,LTC-USDT,0
99,ETH-USDT,MKR-ETH,MKR-USDT,0
100,ETH-USDT,NEO-ETH,NEO-USDT,0
101,ETH-USDT,NMR-ETH,NMR-USDT,0
102,ETH-USDT,NPXS-ETH,NPXS-USDT,0
103,ETH-USDT,OMG-ETH,OMG-USDT,0
104,ETH-USDT,REN-ETH,REN-USDT,0
105,ETH-USDT,RENBTC-ETH,RENBTC-USDT,0
106,ETH-USDT,SC-ETH,SC-USDT,0
107,ETH-USDT,SOLVE-ETH,SOLVE-USDT,0
108,ETH-USDT,TRAC-ETH,TRAC-USDT,0
109,ETH-USDT,TRX-ETH,TRX-USDT,0
110,ETH-USDT,TUSD-ETH,TUSD-USDT,0
111,ETH-USDT,UMA-ETH,UMA-USDT,0
112,ETH-USDT,UNI-ETH,UNI-USDT,0
113,ETH-USDT,USDC-ETH,USDC-USDT,0
114,ETH-USDT,VDX-ETH,VDX-USDT,0
115,ETH-USDT,WAXP-ETH,WAXP-USDT,0
116,ETH-USDT,WBTC-ETH,WBTC-USDT,0
117,ETH-USDT,XLM-ETH,XLM-USDT,0
118,ETH-USDT,XMR-ETH,XMR-USDT,0
119,ETH-USDT,XRP-ETH,XRP-USDT,0
120,ETH-USDT,XTZ-ETH,XTZ-USDT,0
121,ETH-USDT,YFL-ETH,YFL-USDT,0
122,ETH-USDT,ZEC-ETH,ZEC-USDT,0
123,ETH-USDT,ZRX-ETH,ZRX-USDT,0
124,USDT-EUR,ADA-USDT,ADA-EUR,0
125,USDT-EUR,BAL-USDT,BAL-EUR,0
126,USDT-EUR,BAND-USDT,BAND-EUR,0
127,USDT-EUR,BCH-USDT,BCH-EUR,0
128,USDT-EUR,BSV-USDT,BSV-EUR,0
129,USDT-EUR,BTC-USDT,BTC-EUR,0
130,USDT-EUR,CRO-USDT,CRO-EUR,0
131,USDT-EUR,DOT-USDT,DOT-EUR,0
132,USDT-EUR,GRT-USDT,GRT-EUR,0
133,USDT-EUR,KNC-USDT,KNC-EUR,0
134,USDT-EUR,REN-USDT,REN-EUR,0
135,USDT-EUR,RENBTC-USDT,RENBTC-EUR,0
136,USDT-EUR,TRX-USDT,TRX-EUR,0
137,USDT-EUR,UMA-USDT,UMA-EUR,0
138,USDT-EUR,XLM-USDT,XLM-EUR,0
139,USDT-EUR,XRP-USDT,XRP-EUR,0
140,USDT-EUR,YFL-USDT,YFL-EUR,0
141,BTC-USDT,ADA-BTC,ADA-USDT,0
142,BTC-USDT,AKN-BTC,AKN-USDT,0
143,BTC-USDT,ALGO-BTC,ALGO-USDT,0
144,BTC-USDT,AMZN-BTC,AMZN-USDT,0
145,BTC-USDT,APM-BTC,APM-USDT,0
146,BTC-USDT,ATOM-BTC,ATOM-USDT,0
147,BTC-USDT,BABA-BTC,BABA-USDT,0
148,BTC-USDT,BAL-BTC,BAL-USDT,0
149,BTC-USDT,BAND-BTC,BAND-USDT,0
150,BTC-USDT,BAT-BTC,BAT-USDT,0
151,BTC-USDT,BBC-BTC,BBC-USDT,0
152,BTC-USDT,BCH-BTC,BCH-USDT,0
153,BTC-USDT,BILI-BTC,BILI-USDT,0
154,BTC-USDT,BNTX-BTC,BNTX-USDT,0
155,BTC-USDT,BOA-BTC,BOA-USDT,0
156,BTC-USDT,BRZ-BTC,BRZ-USDT,0
157,BTC-USDT,BSV-BTC,BSV-USDT,0
158,BTC-USDT,BTCV-BTC,BTCV-USDT,0
159,BTC-USDT,BTE-BTC,BTE-USDT,0
160,BTC-USDT,BTT-BTC,BTT-USDT,0
161,BTC-USDT,BWF-BTC,BWF-USDT,0
162,BTC-USDT,BYND-BTC,BYND-USDT,0
163,BTC-USDT,CAMP-BTC,CAMP-USDT,0
164,BTC-USDT,CELO-BTC,CELO-USDT,0
165,BTC-USDT,CGT-BTC,CGT-USDT,0
166,BTC-USDT,CKB-BTC,CKB-USDT,0
167,BTC-USDT,CNS-BTC,CNS-USDT,0
168,BTC-USDT,CNTM-BTC,CNTM-USDT,0
169,BTC-USDT,COMP-BTC,COMP-USDT,0
170,BTC-USDT,CRO-BTC,CRO-USDT,0
171,BTC-USDT,CUSD-BTC,CUSD-USDT,0
172,BTC-USDT,DAI-BTC,DAI-USDT,0
173,BTC-USDT,DASH-BTC,DASH-USDT,0
174,BTC-USDT,DCR-BTC,DCR-USDT,0
175,BTC-USDT,DEP-BTC,DEP-USDT,0
176,BTC-USDT,DFI-BTC,DFI-USDT,0
177,BTC-USDT,DGB-BTC,DGB-USDT,0
178,BTC-USDT,DNA-BTC,DNA-USDT,0
179,BTC-USDT,DOGE-BTC,DOGE-USDT,0
180,BTC-USDT,DOT-BTC,DOT-USDT,0
181,BTC-USDT,ECELL-BTC,ECELL-USDT,0
182,BTC-USDT,ECOC-BTC,ECOC-USDT,0
183,BTC-USDT,ELA-BTC,ELA-USDT,0
184,BTC-USDT,ENJ-BTC,ENJ-USDT,0
185,BTC-USDT,EOS-BTC,EOS-USDT,0
186,BTC-USDT,ETC-BTC,ETC-USDT,0
187,BTC-USDT,EXE-BTC,EXE-USDT,0
188,BTC-USDT,FB-BTC,FB-USDT,0
189,BTC-USDT,FIL-BTC,FIL-USDT,0
190,BTC-USDT,FME-BTC,FME-USDT,0
191,BTC-USDT,GNC-BTC,GNC-USDT,0
192,BTC-USDT,GOOGL-BTC,GOOGL-USDT,0
193,BTC-USDT,GRIN-BTC,GRIN-USDT,0
194,BTC-USDT,GRT-BTC,GRT-USDT,0
195,BTC-USDT,GST-BTC,GST-USDT,0
196,BTC-USDT,GXC-BTC,GXC-USDT,0
197,BTC-USDT,HBAR-BTC,HBAR-USDT,0
198,BTC-USDT,HDAO-BTC,HDAO-USDT,0
199,BTC-USDT,HIVE-BTC,HIVE-USDT,0
200,BTC-USDT,HNS-BTC,HNS-USDT,0
201,BTC-USDT,HXRO-BTC,HXRO-USDT,0
202,BTC-USDT,INX-BTC,INX-USDT,0
203,BTC-USDT,IRIS-BTC,IRIS-USDT,0
204,BTC-USDT,KAI-BTC,KAI-USDT,0
205,BTC-USDT,KDA-BTC,KDA-USDT,0
206,BTC-USDT,KDAG-BTC,KDAG-USDT,0
207,BTC-USDT,KLAY-BTC,KLAY-USDT,0
208,BTC-USDT,KLV-BTC,KLV-USDT,0
209,BTC-USDT,KNC-BTC,KNC-USDT,0
210,BTC-USDT,KOK-BTC,KOK-USDT,0
211,BTC-USDT,KRT-BTC,KRT-USDT,0
212,BTC-USDT,KSM-BTC,KSM-USDT,0
213,BTC-USDT,LBC-BTC,LBC-USDT,0
214,BTC-USDT,LCS-BTC,LCS-USDT,0
215,BTC-USDT,LINK-BTC,LINK-USDT,0
216,BTC-USDT,LMCH-BTC,LMCH-USDT,0
217,BTC-USDT,LOKI-BTC,LOKI-USDT,0
218,BTC-USDT,LOON-BTC,LOON-USDT,0
219,BTC-USDT,LTC-BTC,LTC-USDT,0
220,BTC-USDT,LUCY-BTC,LUCY-USDT,0
221,BTC-USDT,LUNA-BTC,LUNA-USDT,0
222,BTC-USDT,MATIC-BTC,MATIC-USDT,0
223,BTC-USDT,MDT-BTC,MDT-USDT,0
224,BTC-USDT,MFA-BTC,MFA-USDT,0
225,BTC-USDT,MKR-BTC,MKR-USDT,0
226,BTC-USDT,MOF-BTC,MOF-USDT,0
227,BTC-USDT,NEO-BTC,NEO-USDT,0
228,BTC-USDT,NFLX-BTC,NFLX-USDT,0
229,BTC-USDT,NMR-BTC,NMR-USDT,0
230,BTC-USDT,NPXS-BTC,NPXS-USDT,0
231,BTC-USDT,NVT-BTC,NVT-USDT,0
232,BTC-USDT,OCEAN-BTC,OCEAN-USDT,0
233,BTC-USDT,OMG-BTC,OMG-USDT,0
234,BTC-USDT,ONT-BTC,ONT-USDT,0
235,BTC-USDT,OXT-BTC,OXT-USDT,0
236,BTC-USDT,PFE-BTC,PFE-USDT,0
237,BTC-USDT,PMA-BTC,PMA-USDT,0
238,BTC-USDT,QLC-BTC,QLC-USDT,0
239,BTC-USDT,REN-BTC,REN-USDT,0
240,BTC-USDT,RENBTC-BTC,RENBTC-USDT,0
241,BTC-USDT,REV-BTC,REV-USDT,0
242,BTC-USDT,RVC-BTC,RVC-USDT,0
243,BTC-USDT,RVN-BTC,RVN-USDT,0
244,BTC-USDT,SC-BTC,SC-USDT,0
245,BTC-USDT,SDT-BTC,SDT-USDT,0
246,BTC-USDT,SG-BTC,SG-USDT,0
247,BTC-USDT,SHR-BTC,SHR-USDT,0
248,BTC-USDT,SKM-BTC,SKM-USDT,0
249,BTC-USDT,SOLVE-BTC,SOLVE-USDT,0
250,BTC-USDT,SPY-BTC,SPY-USDT,0
251,BTC-USDT,SUKU-BTC,SUKU-USDT,0
252,BTC-USDT,SUTER-BTC,SUTER-USDT,0
253,BTC-USDT,TEA-BTC,TEA-USDT,0
254,BTC-USDT,TRAC-BTC,TRAC-USDT,0
255,BTC-USDT,TRX-BTC,TRX-USDT,0
256,BTC-USDT,TRYB-BTC,TRYB-USDT,0
257,BTC-USDT,TSLA-BTC,TSLA-USDT,0
258,BTC-USDT,TUSD-BTC,TUSD-USDT,0
259,BTC-USDT,UCT-BTC,UCT-USDT,0
260,BTC-USDT,UMA-BTC,UMA-USDT,0
261,BTC-USDT,UNI-BTC,UNI-USDT,0
262,BTC-USDT,UPUSD-BTC,UPUSD-USDT,0
263,BTC-USDT,UPXAU-BTC,UPXAU-USDT,0
264,BTC-USDT,UQC-BTC,UQC-USDT,0
265,BTC-USDT,USDC-BTC,USDC-USDT,0
266,BTC-USDT,USDN-BTC,USDN-USDT,0
267,BTC-USDT,UST-BTC,UST-USDT,0
268,BTC-USDT,VANY-BTC,VANY-USDT,0
269,BTC-USDT,VDX-BTC,VDX-USDT,0
270,BTC-USDT,VET-BTC,VET-USDT,0
271,BTC-USDT,VLX-BTC,VLX-USDT,0
272,BTC-USDT,WAXP-BTC,WAXP-USDT,0
273,BTC-USDT,WBTC-BTC,WBTC-USDT,0
274,BTC-USDT,WICC-BTC,WICC-USDT,0
275,BTC-USDT,XLM-BTC,XLM-USDT,0
276,BTC-USDT,XMR-BTC,XMR-USDT,0
277,BTC-USDT,XRP-BTC,XRP-USDT,0
278,BTC-USDT,XTZ-BTC,XTZ-USDT,0
279,BTC-USDT,XUC-BTC,XUC-USDT,0
280,BTC-USDT,XVG-BTC,XVG-USDT,0
281,BTC-USDT,XWC-BTC,XWC-USDT,0
282,BTC-USDT,YFL-BTC,YFL-USDT,0
283,BTC-USDT,ZEC-BTC,ZEC-USDT,0
284,BTC-USDT,ZRX-BTC,ZRX-USDT,0
285,BTC-USD,AAPL-BTC,AAPL-USD,0
286,ETH-USD,AAVE-ETH,AAVE-USD,0
287,USD-EUR,AAVE-USD,AAVE-EUR,0
288,BTC-USD,AAVE-BTC,AAVE-USD,0
289,USD-EUR,ETH-USD,ETH-EUR,0
290,ETH-USD,ADA-ETH,ADA-USD,0
291,ETH-USD,ATOM-ETH,ATOM-USD,0
292,ETH-USD,BAL-ETH,BAL-USD,0
293,ETH-USD,BAND-ETH,BAND-USD,0
294,ETH-USD,BAT-ETH,BAT-USD,0
295,ETH-USD,BCH-ETH,BCH-USD,0
296,ETH-USD,BSV-ETH,BSV-USD,0
297,BTC-USD,ETH-BTC,ETH-USD,0
298,ETH-USD,CELO-ETH,CELO-USD,0
299,ETH-USD,COMP-ETH,COMP-USD,0
300,ETH-USD,CRO-ETH,CRO-USD,0
301,ETH-USD,DAI-ETH,DAI-USD,0
302,ETH-USD,DASH-ETH,DASH-USD,0
303,ETH-USD,DGB-ETH,DGB-USD,0
304,ETH-USD,DOGE-ETH,DOGE-USD,0
305,ETH-USD,DOT-ETH,DOT-USD,0
306,ETH-USD,ENJ-ETH,ENJ-USD,0
307,ETH-USD,EOS-ETH,EOS-USD,0
308,ETH-USD,ETC-ETH,ETC-USD,0
309,ETH-USD,FIL-ETH,FIL-USD,0
310,ETH-USD,GRT-ETH,GRT-USD,0
311,ETH-USD,HBAR-ETH,HBAR-USD,0
312,ETH-USD,KNC-ETH,KNC-USD,0
313,ETH-USD,LINK-ETH,LINK-USD,0
314,ETH-USD,LTC-ETH,LTC-USD,0
315,ETH-USD,REN-ETH,REN-USD,0
316,ETH-USD,RENBTC-ETH,RENBTC-USD,0
317,ETH-USD,SC-ETH,SC-USD,0
318,ETH-USD,SOLVE-ETH,SOLVE-USD,0
319,ETH-USD,TRX-ETH,TRX-USD,0
320,ETH-USD,TUSD-ETH,TUSD-USD,0
321,ETH-USD,UMA-ETH,UMA-USD,0
322,ETH-USD,UNI-ETH,UNI-USD,0
323,ETH-USD,USDC-ETH,USDC-USD,0
324,ETH-USD,WAXP-ETH,WAXP-USD,0
325,ETH-USD,XLM-ETH,XLM-USD,0
326,ETH-USD,XRP-ETH,XRP-USD,0
327,ETH-USD,XTZ-ETH,XTZ-USD,0
328,ETH-USD,YFL-ETH,YFL-USD,0
329,ETH-USD,ZEC-ETH,ZEC-USD,0
330,ETH-USD,ZRX-ETH,ZRX-USD,0
331,USD-EUR,ADA-USD,ADA-EUR,0
332,USD-EUR,BAL-USD,BAL-EUR,0
333,USD-EUR,BAND-USD,BAND-EUR,0
334,USD-EUR,BCH-USD,BCH-EUR,0
335,USD-EUR,BSV-USD,BSV-EUR,0
336,USD-EUR,BTC-USD,BTC-EUR,0
337,USD-EUR,CRO-USD,CRO-EUR,0
338,USD-EUR,DOT-USD,DOT-EUR,0
339,USD-EUR,GRT-USD,GRT-EUR,0
340,USD-EUR,KNC-USD,KNC-EUR,0
341,USD-EUR,REN-USD,REN-EUR,0
342,USD-EUR,RENBTC-USD,RENBTC-EUR,0
343,USD-EUR,TRX-USD,TRX-EUR,0
344,USD-EUR,UMA-USD,UMA-EUR,0
345,USD-EUR,XLM-USD,XLM-EUR,0
346,USD-EUR,XRP-USD,XRP-EUR,0
347,USD-EUR,YFL-USD,YFL-EUR,0
348,BTC-USD,ADA-BTC,ADA-USD,0
349,BTC-USD,ALGO-BTC,ALGO-USD,0
350,BTC-USD,AMZN-BTC,AMZN-USD,0
351,BTC-USD,ATOM-BTC,ATOM-USD,0
352,BTC-USD,BABA-BTC,BABA-USD,0
353,BTC-USD,BAL-BTC,BAL-USD,0
354,BTC-USD,BAND-BTC,BAND-USD,0
355,BTC-USD,BAT-BTC,BAT-USD,0
356,BTC-USD,BCH-BTC,BCH-USD,0
357,BTC-USD,BILI-BTC,BILI-USD,0
358,BTC-USD,BNTX-BTC,BNTX-USD,0
359,BTC-USD,BSV-BTC,BSV-USD,0
360,BTC-USD,BYND-BTC,BYND-USD,0
361,BTC-USD,CELO-BTC,CELO-USD,0
362,BTC-USD,COMP-BTC,COMP-USD,0
363,BTC-USD,CRO-BTC,CRO-USD,0
364,BTC-USD,DAI-BTC,DAI-USD,0
365,BTC-USD,DASH-BTC,DASH-USD,0
366,BTC-USD,DCR-BTC,DCR-USD,0
367,BTC-USD,DGB-BTC,DGB-USD,0
368,BTC-USD,DOGE-BTC,DOGE-USD,0
369,BTC-USD,DOT-BTC,DOT-USD,0
370,BTC-USD,ENJ-BTC,ENJ-USD,0
371,BTC-USD,EOS-BTC,EOS-USD,0
372,BTC-USD,ETC-BTC,ETC-USD,0
373,BTC-USD,FB-BTC,FB-USD,0
374,BTC-USD,FIL-BTC,FIL-USD,0
375,BTC-USD,GOOGL-BTC,GOOGL-USD,0
376,BTC-USD,GRT-BTC,GRT-USD,0
377,BTC-USD,HBAR-BTC,HBAR-USD,0
378,BTC-USD,HIVE-BTC,HIVE-USD,0
380,BTC-USD,KNC-BTC,KNC-USD,0
381,BTC-USD,LINK-BTC,LINK-USD,0
382,BTC-USD,LTC-BTC,LTC-USD,0
383,BTC-USD,NFLX-BTC,NFLX-USD,0
384,BTC-USD,PAX-BTC,PAX-USD,0
385,BTC-USD,PFE-BTC,PFE-USD,0
386,BTC-USD,REN-BTC,REN-USD,0
387,BTC-USD,RENBTC-BTC,RENBTC-USD,0
388,BTC-USD,RVN-BTC,RVN-USD,0
389,BTC-USD,SC-BTC,SC-USD,0
390,BTC-USD,SOLVE-BTC,SOLVE-USD,0
391,BTC-USD,SPY-BTC,SPY-USD,0
392,BTC-USD,TRX-BTC,TRX-USD,0
393,BTC-USD,TSLA-BTC,TSLA-USD,0
394,BTC-USD,TUSD-BTC,TUSD-USD,0
395,BTC-USD,UMA-BTC,UMA-USD,0
396,BTC-USD,UNI-BTC,UNI-USD,0
397,BTC-USD,USDC-BTC,USDC-USD,0
398,BTC-USD,USDS-BTC,USDS-USD,0
399,BTC-USD,WAXP-BTC,WAXP-USD,0
400,BTC-USD,XLM-BTC,XLM-USD,0
401,BTC-USD,XRP-BTC,XRP-USD,0
402,BTC-USD,XTZ-BTC,XTZ-USD,0
403,BTC-USD,YFL-BTC,YFL-USD,0
404,BTC-USD,ZEC-BTC,ZEC-USD,0
405,BTC-USD,ZEN-BTC,ZEN-USD,0
406,BTC-USD,ZRX-BTC,ZRX-USD,0
407,ETH-EUR,AAVE-ETH,AAVE-EUR,0
408,ETH-BTC,AAVE-ETH,AAVE-BTC,0
409,BTC-EUR,AAVE-BTC,AAVE-EUR,0
410,ETH-EUR,ADA-ETH,ADA-EUR,0
411,ETH-EUR,BAL-ETH,BAL-EUR,0
412,ETH-EUR,BAND-ETH,BAND-EUR,0
413,ETH-EUR,BCH-ETH,BCH-EUR,0
414,ETH-EUR,BSV-ETH,BSV-EUR,0
415,BTC-EUR,ETH-BTC,ETH-EUR,0
416,ETH-EUR,CRO-ETH,CRO-EUR,0
417,ETH-EUR,DOT-ETH,DOT-EUR,0
418,ETH-EUR,GRT-ETH,GRT-EUR,0
419,ETH-EUR,KNC-ETH,KNC-EUR,0
420,ETH-EUR,REN-ETH,REN-EUR,0
421,ETH-EUR,RENBTC-ETH,RENBTC-EUR,0
422,ETH-EUR,TRX-ETH,TRX-EUR,0
423,ETH-EUR,UMA-ETH,UMA-EUR,0
424,ETH-EUR,XLM-ETH,XLM-EUR,0
425,ETH-EUR,XRP-ETH,XRP-EUR,0
426,ETH-EUR,YFL-ETH,YFL-EUR,0
427,ETH-BTC,ADA-ETH,ADA-BTC,0
428,ETH-BTC,ADX-ETH,ADX-BTC,0
429,ETH-BTC,ANKR-ETH,ANKR-BTC,0
430,ETH-BTC,ANT-ETH,ANT-BTC,0
431,ETH-BTC,ATOM-ETH,ATOM-BTC,0
432,ETH-BTC,BAL-ETH,BAL-BTC,0
433,ETH-BTC,BAND-ETH,BAND-BTC,0
434,ETH-BTC,BAT-ETH,BAT-BTC,0
435,ETH-BTC,BCH-ETH,BCH-BTC,0
436,ETH-BTC,BNT-ETH,BNT-BTC,0
437,ETH-BTC,BSV-ETH,BSV-BTC,0
438,ETH-BTC,CELO-ETH,CELO-BTC,0
439,ETH-BTC,COMP-ETH,COMP-BTC,0
440,ETH-BTC,CRO-ETH,CRO-BTC,0
441,ETH-BTC,CVC-ETH,CVC-BTC,0
442,ETH-BTC,DAI-ETH,DAI-BTC,0
443,ETH-BTC,DASH-ETH,DASH-BTC,0
444,ETH-BTC,DGB-ETH,DGB-BTC,0
445,ETH-BTC,DMT-ETH,DMT-BTC,0
446,ETH-BTC,DOGE-ETH,DOGE-BTC,0
447,ETH-BTC,DOT-ETH,DOT-BTC,0
448,ETH-BTC,ENG-ETH,ENG-BTC,0
449,ETH-BTC,ENJ-ETH,ENJ-BTC,0
450,ETH-BTC,EOS-ETH,EOS-BTC,0
451,ETH-BTC,ETC-ETH,ETC-BTC,0
452,ETH-BTC,FIL-ETH,FIL-BTC,0
453,ETH-BTC,FX-ETH,FX-BTC,0
454,ETH-BTC,GLM-ETH,GLM-BTC,0
455,ETH-BTC,GNO-ETH,GNO-BTC,0
456,ETH-BTC,GRT-ETH,GRT-BTC,0
457,ETH-BTC,HBAR-ETH,HBAR-BTC,0
458,ETH-BTC,HNS-ETH,HNS-BTC,0
459,ETH-BTC,KNC-ETH,KNC-BTC,0
460,ETH-BTC,KSM-ETH,KSM-BTC,0
461,ETH-BTC,LINK-ETH,LINK-BTC,0
462,ETH-BTC,LTC-ETH,LTC-BTC,0
463,ETH-BTC,MANA-ETH,MANA-BTC,0
464,ETH-BTC,MET-ETH,MET-BTC,0
465,ETH-BTC,MKR-ETH,MKR-BTC,0
466,ETH-BTC,NEO-ETH,NEO-BTC,0
467,ETH-BTC,NMR-ETH,NMR-BTC,0
468,ETH-BTC,NPXS-ETH,NPXS-BTC,0
469,ETH-BTC,OGN-ETH,OGN-BTC,0
470,ETH-BTC,OMG-ETH,OMG-BTC,0
471,ETH-BTC,PAY-ETH,PAY-BTC,0
472,ETH-BTC,POWR-ETH,POWR-BTC,0
473,ETH-BTC,QTUM-ETH,QTUM-BTC,0
474,ETH-BTC,REN-ETH,REN-BTC,0
475,ETH-BTC,RENBTC-ETH,RENBTC-BTC,0
476,ETH-BTC,REPV2-ETH,REPV2-BTC,0
477,ETH-BTC,SC-ETH,SC-BTC,0
478,ETH-BTC,SENSO-ETH,SENSO-BTC,0
479,ETH-BTC,SNT-ETH,SNT-BTC,0
480,ETH-BTC,SOLVE-ETH,SOLVE-BTC,0
481,ETH-BTC,SRN-ETH,SRN-BTC,0
482,ETH-BTC,STMX-ETH,STMX-BTC,0
483,ETH-BTC,STRAX-ETH,STRAX-BTC,0
484,ETH-BTC,TRAC-ETH,TRAC-BTC,0
485,ETH-BTC,TRX-ETH,TRX-BTC,0
486,ETH-BTC,TUSD-ETH,TUSD-BTC,0
487,ETH-BTC,UBT-ETH,UBT-BTC,0
488,ETH-BTC,UMA-ETH,UMA-BTC,0
489,ETH-BTC,UNI-ETH,UNI-BTC,0
490,ETH-BTC,USDC-ETH,USDC-BTC,0
491,ETH-BTC,VDX-ETH,VDX-BTC,0
492,ETH-BTC,VIB-ETH,VIB-BTC,0
493,ETH-BTC,WAVES-ETH,WAVES-BTC,0
494,ETH-BTC,WAXP-ETH,WAXP-BTC,0
495,ETH-BTC,WBTC-ETH,WBTC-BTC,0
496,ETH-BTC,XEM-ETH,XEM-BTC,0
497,ETH-BTC,XLM-ETH,XLM-BTC,0
498,ETH-BTC,XMR-ETH,XMR-BTC,0
499,ETH-BTC,XRP-ETH,XRP-BTC,0
500,ETH-BTC,XTZ-ETH,XTZ-BTC,0
501,ETH-BTC,YFL-ETH,YFL-BTC,0
502,ETH-BTC,ZEC-ETH,ZEC-BTC,0
503,ETH-BTC,ZRX-ETH,ZRX-BTC,0
504,BTC-EUR,ADA-BTC,ADA-EUR,0
505,BTC-EUR,BAL-BTC,BAL-EUR,0
506,BTC-EUR,BAND-BTC,BAND-EUR,0
507,BTC-EUR,BCH-BTC,BCH-EUR,0
508,BTC-EUR,BSV-BTC,BSV-EUR,0
509,BTC-EUR,CRO-BTC,CRO-EUR,0
510,BTC-EUR,DOT-BTC,DOT-EUR,0
511,BTC-EUR,GRT-BTC,GRT-EUR,0
512,BTC-EUR,KNC-BTC,KNC-EUR,0
513,BTC-EUR,REN-BTC,REN-EUR,0
514,BTC-EUR,RENBTC-BTC,RENBTC-EUR,0
515,BTC-EUR,TRX-BTC,TRX-EUR,0
516,BTC-EUR,UMA-BTC,UMA-EUR,0
517,BTC-EUR,XLM-BTC,XLM-EUR,0
518,BTC-EUR,XRP-BTC,XRP-EUR,0
519,BTC-EUR,YFL-BTC,YFL-EUR,0
